[

  {
    "question_id": 0,
    "question_text": "In this contact, you will be asked up to six questions. Please check the answers that best describe your oral health behavior."
  },
  {
    "question_id": 1,
    "question_type": "multiple_choice",
    "question_text": "Overall, the phone and/or app was easy to use.",
    "response_option": [
      "Strongly agree",
      "Agree",
      "Neither agree nor disagree",
      "Disagree",
      "Strongly disagree"
    ]
  },
  {
    "question_id": 2,
    "question_type": "multiple_choice",
    "question_text": "Overall, carrying an additional phone was a burden.",
    "response_option": [
      "Strongly agree",
      "Agree",
      "Neither agree nor disagree",
      "Disagree",
      "Strongly disagree"
    ]
  },
  {
    "question_id": 3,
    "question_type": "multiple_choice",
    "question_text": "Overall, the phone and/or app was enjoyable to use.",
    "response_option": [
      "Strongly agree",
      "Agree",
      "Neither agree nor disagree",
      "Disagree",
      "Strongly disagree"
    ]
  },
  {
    "question_id": 4,
    "question_type": "multiple_choice",
    "question_text": "Overall, the wristband was easy to use.",
    "response_option": [
      "Strongly agree",
      "Agree",
      "Neither agree nor disagree",
      "Disagree",
      "Strongly disagree"
    ]
  },
  {
    "question_id": 5,
    "question_type": "multiple_choice",
    "question_text": "Overall, the wristband was a nuisance.",
    "response_option": [
      "Strongly agree",
      "Agree",
      "Neither agree nor disagree",
      "Disagree",
      "Strongly disagree"
    ]
  },
  {
    "question_id": 6,
    "question_type": "multiple_choice",
    "question_text": "Overall, the wristband was enjoyable to use.",
    "response_option": [
      "Strongly agree",
      "Agree",
      "Neither agree nor disagree",
      "Disagree",
      "Strongly disagree"
    ]
  },
  {
    "question_id": 7,
    "question_text": "Thank you for answering this Survey. Please click \"FINISH\"."
  }
]
