[
  {
    "platform":{
      "type":"AUTOSENSE_WRIST"
    },
    "type":"ACCELEROMETER_X"
  },
  {
    "platform":{
      "type":"AUTOSENSE_WRIST"
    },
    "type":"ACCELEROMETER_Y"
  },
  {
    "platform":{
      "type":"AUTOSENSE_WRIST"
    },
    "type":"ACCELEROMETER_Z"
  },
  {
    "platform":{
      "type":"AUTOSENSE_WRIST"
    },
    "type":"GYROSCOPE_X"
  },
  {
    "platform":{
      "type":"AUTOSENSE_WRIST"
    },
    "type":"GYROSCOPE_Y"
  },
  {
    "platform":{
      "type":"AUTOSENSE_WRIST"
    },
    "type":"GYROSCOPE_Z"
  }
]
