{
  "config_info": {
    "id": "2016H0069-Test",
    "version": "1.4.5",
    "name": "OSU CHF Study-Test",
    "filename": "2016H0069test",
    "auto_update": true,
    "title": "OSU CHF Study - Test",
    "required_files": [
      "org.md2k.chfscheduler/condition.json",
      "org.md2k.chfscheduler/config.json",
      "org.md2k.chfscheduler/notification.json",
      "org.md2k.datakit/config.json",
      "org.md2k.datakit/default_config.json",
      "org.md2k.ema/config_ema.json",
      "org.md2k.ema/medication.json",
      "org.md2k.ema/questionnaire.json",
      "org.md2k.microsoftband/default_config.json",
      "org.md2k.motionsense/default_config.json",
      "org.md2k.notificationmanager/tone.mp3",
      "org.md2k.omron/default_config.json",
      "org.md2k.phonesensor/default_config.json",
      "org.md2k.plotter/default_config.json",
      "org.md2k.study/config.json",
      "org.md2k.study/notification.json",
      "org.md2k.study/tutorial.pdf"
    ]
  },
  "start_screen": {
    "update_app": true,
    "md2k_logo": true,
    "md2k_link": true,
    "config_text": true
  },
  "apps": [
    {
      "id": "study",
      "name": "Study",
      "enable": true,
      "package_name": "org.md2k.study",
      "permission": "org.md2k.utilities.permission.ActivityPermission",
      "download_link": "https://github.com/MD2Korg/mCerebrum-Study/releases"
    },
    {
      "id": "datakit",
      "name": "DataKit",
      "enable": true,
      "package_name": "org.md2k.datakit",
      "config": "config.json",
      "default_config": "default_config.json",
      "service": "org.md2k.datakit.cerebralcortex.ServiceCerebralCortex",
      "permission": "org.md2k.utilities.permission.ActivityPermission",
      "download_link": "https://github.com/MD2Korg/mCerebrum-DataKit/releases"
    },
    {
      "id": "phonesensor",
      "name": "PhoneSensor",
      "enable": true,
      "package_name": "org.md2k.phonesensor",
      "service": "org.md2k.phonesensor.ServicePhoneSensor",
      "settings": "org.md2k.phonesensor.ActivityPhoneSensorSettings",
      "config": "config.json",
      "default_config": "default_config.json",
      "permission": "org.md2k.utilities.permission.ActivityPermission",
      "download_link": "https://github.com/MD2Korg/mCerebrum-PhoneSensor/releases"
    },
    {
      "id": "motionsense",
      "name": "MotionSense",
      "enable": true,
      "package_name": "org.md2k.motionsense",
      "service": "org.md2k.motionsense.ServiceMotionSense",
      "settings": "org.md2k.motionsense.ActivitySettings",
      "config": "config.json",
      "default_config": "default_config.json",
      "permission": "org.md2k.utilities.permission.ActivityPermission",
      "download_link": "https://github.com/MD2Korg/mCerebrum-MotionSense/releases"
    },
    {
      "id": "microsofthealth",
      "name": "MicrosoftHealth",
      "enable": true,
      "package_name": "com.microsoft.kapp",
      "download_link": "https://github.com/MD2Korg/MicrosoftHealth/releases/download/1.3.20913.1/microsofthealth.apk"
    },
    {
      "id": "microsoftband",
      "name": "MicrosoftBand",
      "enable": true,
      "package_name": "org.md2k.microsoftband",
      "service": "org.md2k.microsoftband.ServiceMicrosoftBands",
      "settings": "org.md2k.microsoftband.ActivityMicrosoftBandSettings",
      "config": "config.json",
      "default_config": "default_config.json",
      "permission": "org.md2k.utilities.permission.ActivityPermission",
      "download_link": "https://github.com/MD2Korg/mCerebrum-MicrosoftBand/releases"
    },
    {
      "id": "omron",
      "name": "Omron",
      "enable": true,
      "package_name": "org.md2k.omron",
      "settings": "org.md2k.omron.ActivitySettings",
      "config": "config.json",
      "default_config": "default_config.json",
      "permission": "org.md2k.utilities.permission.ActivityPermission",
      "download_link": "https://github.com/MD2Korg/mCerebrum-Omron/releases"
    },
    {
      "id": "chf_scheduler",
      "name": "CHFScheduler",
      "enable": true,
      "package_name": "org.md2k.chfscheduler",
      "config": "config.json",
      "permission": "org.md2k.utilities.permission.ActivityPermission",
      "download_link": "https://github.com/MD2Korg/mCerebrum-CHFScheduler/releases"
    },
    {
      "id": "notificationmanager",
      "name": "NotificationManager",
      "enable": true,
      "package_name": "org.md2k.notificationmanager",
      "service": "org.md2k.notificationmanager.ServiceNotificationManager",
      "permission": "org.md2k.utilities.permission.ActivityPermission",
      "download_link": "https://github.com/MD2Korg/mCerebrum-NotificationManager/releases"
    },
    {
      "id": "medication",
      "name": "Medication",
      "enable": true,
      "package_name": "org.md2k.medication",
      "settings": "org.md2k.medication.MainSettingsActivity",
      "config": "config.json",
      "permission": "org.md2k.utilities.permission.ActivityPermission",
      "download_link": "https://github.com/MD2Korg/mCerebrum-Medication/releases"
    },
    {
      "id": "ema",
      "name": "EMA",
      "enable": true,
      "package_name": "org.md2k.ema",
      "permission": "org.md2k.utilities.permission.ActivityPermission",
      "download_link": "https://github.com/MD2Korg/mCerebrum-EMA/releases"
    },
    {
      "id": "plotter",
      "name": "Plotter",
      "enable": true,
      "package_name": "org.md2k.plotter",
      "default_config": "default_config.json",
      "permission": "org.md2k.utilities.permission.ActivityPermission",
      "download_link": "https://github.com/MD2Korg/mCerebrum-Plotter/releases"
    },
    {
      "id": "adobe_acrobat_reader",
      "name": "Adobe Acrobat Reader",
      "enable": true,
      "package_name": "com.adobe.reader",
      "download_link": "market://details?id=com.adobe.reader"
    }
  ],
  "actions": [
    {
      "id": "config_info",
      "type": "setup",
      "name": "Configuration Info",
      "enable": true,
      "rank": 7
    },
    {
      "id": "clear_config",
      "type": "reset",
      "name": "Clear Configuration",
      "enable": true,
      "rank": 7,
      "icon": "ic_delete_blue_48dp",
      "package_name": "org.md2k.study",
      "class_name": "org.md2k.study.model_view.clear_config.ActivityClearConfig"
    },
    {
      "id": "config_download",
      "type": "reset",
      "name": "Download New Configuration",
      "enable": true,
      "rank": 7,
      "package_name": "org.md2k.study",
      "icon": "ic_download_teal_48dp",
      "class_name": "org.md2k.study.model_view.config_info.ActivityConfigDownload"
    },
    {
      "id": "app_install",
      "type": "setup",
      "name": "Applications",
      "enable": true,
      "rank": 6,
      "icon": "ic_install_teal_48dp",
      "package_name": "org.md2k.study",
      "class_name": "org.md2k.study.model_view.app_install.ActivityInstallApp"
    },
    {
      "id": "app_settings",
      "type": "setup",
      "name": "Settings",
      "enable": true,
      "rank": 6,
      "package_name": "org.md2k.study",
      "class_name": "org.md2k.study.model_view.app_settings.ActivityAppSettings",
      "icon": "ic_settings_teal_48dp"
    },
    {
      "id": "datakit_connect",
      "type": "setup",
      "name": "DataKit Connection",
      "enable": true,
      "rank": 5
    },
    {
      "id": "study_info",
      "type": "setup",
      "enable": true,
      "rank": 4,
      "name": "Study"
    },
    {
      "id": "user_info",
      "type": "setup",
      "name": "User ID",
      "enable": true,
      "rank": 4,
      "icon": "ic_user_teal_48dp",
      "package_name": "org.md2k.study",
      "class_name": "org.md2k.study.model_view.user_info.ActivityUserInfo"
    },
    {
      "id": "wakeup_info",
      "type": "setup",
      "name": "Wakeup Time",
      "rank": 4,
      "enable": true,
      "icon": "ic_wakeup_teal_48dp",
      "package_name": "org.md2k.study",
      "class_name": "org.md2k.study.model_view.wakeup_info.ActivityWakeUp"
    },
    {
      "id": "sleep_info",
      "type": "setup",
      "name": "Sleep Time",
      "rank": 4,
      "enable": true,
      "icon": "ic_sleep_teal_48dp",
      "package_name": "org.md2k.study",
      "class_name": "org.md2k.study.model_view.sleep_info.ActivitySleep"
    },
    {
      "id": "clear_database",
      "type": "reset",
      "name": "Clear All Data",
      "icon": "ic_delete_indigo_48dp",
      "enable": true,
      "rank": 4,
      "package_name": "org.md2k.study",
      "class_name": "org.md2k.study.model_view.clear_data.ActivityClearData"
    },
    {
      "id": "app_service",
      "type": "setup",
      "enable": true,
      "name": "Running Apps",
      "rank": 3,
      "icon": "ic_apps_teal_48dp",
      "package_name": "org.md2k.study",
      "class_name": "org.md2k.study.model_view.app_service.ActivityService"
    },
    {
      "id": "data_quality",
      "rank": 2,
      "enable": true,
      "name": "Sensor Data Quality"
    },
    {
      "id": "day_start_end",
      "type": "setup",
      "rank": 2,
      "enable": true,
      "name": "Day Start/Day End"
    },
    {
      "id": "privacy",
      "name": "Privacy",
      "icon": "ic_unlock_teal_48dp",
      "enable": true,
      "package_name": "org.md2k.datakit",
      "rank": 2,
      "class_name": "org.md2k.datakit.ActivityPrivacy",
      "parameters": {
        "max_time": "7200000"
      }
    },
    {
      "id": "user_status",
      "name": "user_status",
      "icon": "ic_unlock_teal_48dp",
      "enable": true,
      "rank": 2
    },
    {
      "id": "chf_scheduler",
      "type": "chf_scheduler",
      "name": "MedHerence",
      "icon": "ic_medication_teal_48dp",
      "enable": true,
      "package_name": "org.md2k.chfscheduler",
      "rank": 2,
      "class_name": "org.md2k.chfscheduler.ActivityShowList"
    },
    {
      "id": "plotter",
      "name": "Plotter",
      "enable": false,
      "icon": "ic_plot_teal_48dp",
      "rank": 2,
      "package_name": "org.md2k.plotter"
    },
    {
      "id": "user_app",
      "name": "User Application",
      "icon": "ic_unlock_teal_48dp",
      "enable": true,
      "rank": 2
    },
    {
      "id": "EMA_test",
      "type": "App Controller",
      "name": "Survey Test",
      "enable": true,
      "icon": "ic_notification_teal_48dp",
      "rank": 2,
      "package_name": "org.md2k.study",
      "class_name": "org.md2k.study.model_view.EMA_test.ActivityEMA_test"
    },
    {
      "id": "app_reset",
      "name": "Reset App",
      "icon": "ic_refresh_teal_48dp",
      "enable": true,
      "rank": 2,
      "package_name": "org.md2k.study",
      "class_name": "org.md2k.study.model_view.app_reset.ActivityAppReset"
    },
    {
      "id": "app_start",
      "name": "Start Data Collection",
      "icon": "ic_play_teal_48dp",
      "enable": true,
      "rank": 2,
      "package_name": "org.md2k.study",
      "class_name": "org.md2k.study.model_view.app_start.ActivityAppStart"
    },
    {
      "id": "app_stop",
      "name": "Stop & Close Application",
      "icon": "ic_error_red_50dp",
      "enable": true,
      "rank": 2,
      "package_name": "org.md2k.study",
      "class_name": "org.md2k.study.model_view.app_stop.ActivityAppStop"
    }
  ],
  "admin_view": {
    "password": "1234",
    "view_contents": [
      {
        "id": "key_configure_app",
        "name": "Configure Applications",
        "enable": true,
        "values": [
          "config_info",
          "app_install",
          "app_settings",
          "config_download",
          "clear_config"
        ]
      },
      {
        "id": "key_configure_study",
        "name": "Configure Study",
        "enable": true,
        "values": [
          "config_info",
          "study_info",
          "user_info",
          "wakeup_info",
          "sleep_info",
          "clear_database"
        ]
      },
      {
        "id": "key_start_study",
        "name": "Start Study",
        "enable": true
      },
      {
        "id": "key_stop_study",
        "name": "Stop Study",
        "enable": true
      },
      {
        "id": "key_other",
        "name": "Others",
        "enable": true,
        "values": [
          "app_service",
          "EMA_test"
        ]
      }
    ]
  },
  "user_view": {
    "view_contents": [
      {
        "id": "data_quality",
        "enable": true
      },
      {
        "id": "day_start_end",
        "enable": true
      },
      {
        "id": "privacy",
        "enable": true
      },
      {
        "id": "user_app",
        "enable": true,
        "values": [
          "chf_scheduler",
          "app_reset"
        ]
      }
    ]
  },
  "data_quality": [
    {
      "platform": {
        "id": "LEFT_WRIST"
      },
      "type": "DATA_QUALITY"
    },
    {
      "platform": {
        "id": "RIGHT_WRIST"
      },
      "type": "DATA_QUALITY"
    }
  ],
  "data_quality_view": [
    {
      "name": "L-Wrist(A)",
      "plotter": {
        "enable": true,
        "datasource": {
          "platform": {
            "type": "MOTION_SENSE",
            "id": "LEFT_WRIST"
          },
          "type": "ACCELEROMETER"
        }
      },
      "video": {
        "enable": true,
        "link": "2n7HwLWlgtQ"
      },
      "message": {
        "enable": true,
        "text": "1) Reset the application, wait 15 seconds and check again.\n\n2) Restart the phone, wait one minute and check again.\n\n3) Make sure the wrist sensor is charged."
      }
    },
    {
      "name": "R-Wrist(A)",
      "plotter": {
        "enable": true,
        "datasource": {
          "platform": {
            "type": "MOTION_SENSE",
            "id": "RIGHT_WRIST"
          },
          "type": "ACCELEROMETER"
        }
      },
      "video": {
        "enable": true,
        "link": "2n7HwLWlgtQ"
      },
      "message": {
        "enable": true,
        "text": "1) Reset the application, wait 15 seconds and check again.\n\n2) Restart the phone, wait one minute and check again.\n\n3) Make sure the wrist sensor is charged."
      }
    },
    {
      "name": "L-Wrist(M)",
      "plotter": {
        "enable": true,
        "datasource": {
          "platform": {
            "type": "MICROSOFT_BAND",
            "id": "LEFT_WRIST"
          },
          "type": "ACCELEROMETER"
        }
      },
      "video": {
        "enable": true,
        "link": "GuHSeXYO-E0"
      },
      "message": {
        "enable": true,
        "text": "1) Make sure the clasp on the Band is securely locked around the wrist.\n\n2) Reset the application, wait 15 seconds and check again.\n\n3) Restart the phone, wait one minute and check again.\n\n4) Make sure the Band is charged and powered ON."
      }
    },
    {
      "name": "R-Wrist(M)",
      "plotter": {
        "enable": true,
        "datasource": {
          "platform": {
            "type": "MICROSOFT_BAND",
            "id": "RIGHT_WRIST"
          },
          "type": "ACCELEROMETER"
        }
      },
      "video": {
        "enable": true,
        "link": "GuHSeXYO-E0"
      },
      "message": {
        "enable": true,
        "text": "1) Make sure the clasp on the Band is securely locked around the wrist.\n\n2) Reset the application, wait 15 seconds and check again.\n\n3) Restart the phone, wait one minute and check again.\n\n4) Make sure the Band is charged and powered ON."
      }
    }
  ],
  "day_start": {
    "notify": [
      {
        "type": "button",
        "base": "wakeup",
        "offset": -10800000
      },
      {
        "type": "prompt",
        "base": "wakeup",
        "offset": 0,
        "parameters": [
          "PHONE_SCREEN",
          "PHONE_MESSAGE_START_DAY"
        ]
      },
      {
        "type": "notification",
        "base": "wakeup",
        "offset": 10800000,
        "parameters": [
          "PHONE_VIBRATE",
          "PHONE_TONE",
          "PHONE_SCREEN",
          "PHONE_MESSAGE_START_DAY"
        ]
      }
    ]
  },
  "day_end": {
    "notify": [
      {
        "type": "button",
        "base": "day_start",
        "offset": 0
      },
      {
        "type": "system",
        "base": "sleep",
        "offset": 0
      }
    ]
  }
}
