[
  {
    "question_id": 0,
    "question_type": "multiple_choice",
    "question_text": "When the phone beeped, I was doing things automatically, without being aware of what I was doing.",
    "response_option": [
      "Strongly Disagree",
      "Disagree",
      "Neutral",
      "Agree",
      "Strongly Agree"
    ]
  },
  {
    "question_id": 1,
    "question_type": "multiple_choice",
    "question_text": "When the phone beeped, I found myself doing things without paying attention.",
    "response_option": [
      "Strongly Disagree",
      "Disagree",
      "Neutral",
      "Agree",
      "Strongly Agree"
    ]
  },
  {
    "question_id": 2,
    "question_type": "multiple_choice",
    "question_text": "When the phone beeped, I was telling myself that I shouldn’t be thinking the way I’m thinking.",
    "response_option": [
      "Strongly Disagree",
      "Disagree",
      "Neutral",
      "Agree",
      "Strongly Agree"
    ]
  },
  {
    "question_id": 3,
    "question_type": "multiple_choice",
    "question_text": "When the phone beeped, I was thinking that some of my emotions are bad or inappropriate and shouldn't feel them.",
    "response_option": [
      "Strongly Disagree",
      "Disagree",
      "Neutral",
      "Agree",
      "Strongly Agree"
    ]
  },
  {
    "question_id": 4,
    "question_type": "multiple_choice",
    "question_text": "When the phone beeped, I was experiencing my thoughts more as events in my mind than a direct reflection of the way things \"really\" are.",
    "response_option": [
      "Strongly Disagree",
      "Disagree",
      "Neutral",
      "Agree",
      "Strongly Agree"
    ]
  },
  {
    "question_id": 5,
    "question_type": "multiple_choice",
    "question_text": "When the phone beeped, I was experiencing my changing thoughts and feelings as separate from myself.",
    "response_option": [
      "Strongly Disagree",
      "Disagree",
      "Neutral",
      "Agree",
      "Strongly Agree"
    ]
  },
  {
    "question_id": 6,
    "question_type": "multiple_choice",
    "question_text": "Right now, I feel active.",
    "response_option": [
      "Strongly Disagree",
      "Disagree",
      "Neutral",
      "Agree",
      "Strongly Agree"
    ]
  },
  {
    "question_id": 7,
    "question_type": "multiple_choice",
    "question_text": "Right now, I feel angry.",
    "response_option": [
      "Strongly Disagree",
      "Disagree",
      "Neutral",
      "Agree",
      "Strongly Agree"
    ]
  },
  {
    "question_id": 8,
    "question_type": "multiple_choice",
    "question_text": "Right now, I feel ashamed.",
    "response_option": [
      "Strongly Disagree",
      "Disagree",
      "Neutral",
      "Agree",
      "Strongly Agree"
    ]
  },
  {
    "question_id": 9,
    "question_type": "multiple_choice",
    "question_text": "Right now, I feel calm.",
    "response_option": [
      "Strongly Disagree",
      "Disagree",
      "Neutral",
      "Agree",
      "Strongly Agree"
    ]
  },
  {
    "question_id": 10,
    "question_type": "multiple_choice",
    "question_text": "Right now, I feel determined.",
    "response_option": [
      "Strongly Disagree",
      "Disagree",
      "Neutral",
      "Agree",
      "Strongly Agree"
    ]
  },
  {
    "question_id": 11,
    "question_type": "multiple_choice",
    "question_text": "Right now, I feel disgusted.",
    "response_option": [
      "Strongly Disagree",
      "Disagree",
      "Neutral",
      "Agree",
      "Strongly Agree"
    ]
  },
  {
    "question_id": 12,
    "question_type": "multiple_choice",
    "question_text": "Right now, I feel enthusiastic.",
    "response_option": [
      "Strongly Disagree",
      "Disagree",
      "Neutral",
      "Agree",
      "Strongly Agree"
    ]
  },
  {
    "question_id": 13,
    "question_type": "multiple_choice",
    "question_text": "Right now, I feel grateful.",
    "response_option": [
      "Strongly Disagree",
      "Disagree",
      "Neutral",
      "Agree",
      "Strongly Agree"
    ]
  },
  {
    "question_id": 14,
    "question_type": "multiple_choice",
    "question_text": "Right now, I feel guilty.",
    "response_option": [
      "Strongly Disagree",
      "Disagree",
      "Neutral",
      "Agree",
      "Strongly Agree"
    ]
  },
  {
    "question_id": 15,
    "question_type": "multiple_choice",
    "question_text": "Right now, I feel happy.",
    "response_option": [
      "Strongly Disagree",
      "Disagree",
      "Neutral",
      "Agree",
      "Strongly Agree"
    ]
  },
  {
    "question_id": 16,
    "question_type": "multiple_choice",
    "question_text": "Right now, I feel irritable.",
    "response_option": [
      "Strongly Disagree",
      "Disagree",
      "Neutral",
      "Agree",
      "Strongly Agree"
    ]
  },
  {
    "question_id": 17,
    "question_type": "multiple_choice",
    "question_text": "Right now, I feel lonely.",
    "response_option": [
      "Strongly Disagree",
      "Disagree",
      "Neutral",
      "Agree",
      "Strongly Agree"
    ]
  },
  {
    "question_id": 18,
    "question_type": "multiple_choice",
    "question_text": "Right now, I feel proud.",
    "response_option": [
      "Strongly Disagree",
      "Disagree",
      "Neutral",
      "Agree",
      "Strongly Agree"
    ]
  },
  {
    "question_id": 19,
    "question_type": "multiple_choice",
    "question_text": "Right now, I feel nervous.",
    "response_option": [
      "Strongly Disagree",
      "Disagree",
      "Neutral",
      "Agree",
      "Strongly Agree"
    ]
  },
  {
    "question_id": 20,
    "question_type": "multiple_choice",
    "question_text": "Right now, I feel sad.",
    "response_option": [
      "Strongly Disagree",
      "Disagree",
      "Neutral",
      "Agree",
      "Strongly Agree"
    ]
  },
  {
    "question_id": 21,
    "question_type": "multiple_choice",
    "question_text": "Right now, I feel restless.",
    "response_option": [
      "Strongly Disagree",
      "Disagree",
      "Neutral",
      "Agree",
      "Strongly Agree"
    ]
  },
  {
    "question_id": 22,
    "question_type": "multiple_choice",
    "question_text": "RIGHT NOW, I am very motivated to be abstinent from cigarettes.",
    "response_option": [
      "Strongly Disagree",
      "Disagree",
      "Neutral",
      "Agree",
      "Strongly Agree"
    ]
  },
  {
    "question_id": 23,
    "question_type": "multiple_choice",
    "question_text": "RIGHT NOW, I have an urge to smoke.",
    "response_option": [
      "Strongly Disagree",
      "Disagree",
      "Neutral",
      "Agree",
      "Strongly Agree"
    ]
  },
  {
    "question_id": 24,
    "question_type": "multiple_choice",
    "question_text": "RIGHT NOW, Smoking would improve my mood, be pleasurable, or help me cope with this situation.",
    "response_option": [
      "Strongly Disagree",
      "Disagree",
      "Neutral",
      "Agree",
      "Strongly Agree"
    ]
  },
  {
    "question_id": 25,
    "question_type": "multiple_choice",
    "question_text": "RIGHT NOW, I am confident in my ability to be abstinent from cigarettes.",
    "response_option": [
      "Strongly Disagree",
      "Disagree",
      "Neutral",
      "Agree",
      "Strongly Agree"
    ]
  },
  {
    "question_id": 26,
    "question_type": "multiple_choice",
    "question_text": "RIGHT NOW, Cigarettes are available to me.",
    "response_option": [
      "Not at All",
      "With Extreme Difficulty",
      "With Difficulty",
      "Fairly Easily",
      "Easily"
    ]
  },
  {
    "question_id": 27,
    "question_type": "multiple_choice",
    "question_text": "Right now, Is smoking allowed where you are?",
    "response_option": [
      "Smoking is forbidden",
      "Smoking is discouraged",
      "Smoking is allowed"
    ]
  },
  {
    "question_id": 28,
    "question_type": "multiple_choice",
    "question_text": "Are you wearing the patch now?",
    "response_option": [
      "Yes",
      "No"
    ]
  },
  {
    "question_id": 29,
    "question_type": "multiple_select",
    "question_text": "Right now, Are other people around you smoking cigarettes? (Check all that apply)",
    "response_option": [
      "Adult family member",
      "Child (under 18)",
      "Friend",
      "Stranger",
      "Someone I do not know well",
      "<UNSELECT_OTHER>No one around me is smoking"
    ]
  },
  {
    "question_id": 30,
    "question_type": "multiple_select",
    "question_text": "Right now, Are other people around you using an e-cig or vaping? (Check all that apply)",
    "response_option": [
      "Adult family member",
      "Child (under 18)",
      "Friend",
      "Stranger",
      "Someone I do not know well",
      "<UNSELECT_OTHER>No one around me is using an e-cig/vaping"
    ]
  },
  {
    "question_id": 31,
    "question_type": "multiple_select",
    "question_text": "Since the last assessment, did you drink any (Check all that apply)",
    "response_option": [
      "Beer",
      "Wine",
      "Liquor",
      "<UNSELECT_OTHER>Did not drink any alcohol"
    ]
  },
  {
    "question_id": 32,
    "question_type": "multiple_choice",
    "question_text": "Since the last assessment, do you think that you have been treated unfairly?",
    "response_option": [
      "No",
      "Yes Somewhat Sure",
      "Yes Mostly Sure",
      "Yes Absolutely Sure"
    ]
  },
  {
    "question_id": 33,
    "question_type": "multiple_choice",
    "question_text": "What do you think was the main reason(s) for this/these experiences? (Pick only one option)",
    "response_option": [
      "Your race",
      "Your gender",
      "Your sexual identity",
      "Friends/family/people you are with right now",
      "Your mental health issues",
      "Your physical disability",
      "Your age",
      "Your education or income level",
      "Your ancestry or national origins",
      "Your height or weight",
      "Your religion",
      "Your shade of skin color",
      "Other/Not Sure"
    ],
    "condition": [
      "32:~No"
    ]
  },
  {
    "question_id": 34,
    "question_type": "multiple_choice",
    "question_text": "Since the last assessment, have you smoked any cigarettes?",
    "response_option": [
      "Yes",
      "No"
    ]
  },
  {
    "question_id": 35,
    "question_type": "text_numeric",
    "question_text": "How many cigarettes did you smoke?",
    "response_option": [
      "1",
      "100"
    ],
    "condition": [
      "34:Yes"
    ]
  },
  {
    "question_id": 36,
    "question_type": "multiple_choice",
    "question_text": "How long ago did you smoke the cigarette?",
    "response_option": [
      "0 - 2 hrs",
      "2 hrs - 4 hrs",
      "4 hrs - 6 hrs",
      "6 hrs - 8 hrs",
      "8 hrs - 10 hrs",
      "10 hrs - 12 hrs",
      "More than 12 hrs"
    ],
    "condition": [
      "35:1"
    ]
  },
  {
    "question_id": 37,
    "question_type": "multiple_choice",
    "question_text": "You said you smoked more than one cigarette since the last assessment, how long ago did you smoke the most RECENT cigarette?",
    "response_option": [
      "0 - 2 hrs",
      "2 hrs - 4 hrs",
      "4 hrs - 6 hrs",
      "6 hrs - 8 hrs",
      "8 hrs - 10 hrs",
      "10 hrs - 12 hrs",
      "More than 12 hrs"
    ],
    "condition": [
      "35:~1"
    ]
  },
  {
    "question_id": 38,
    "question_type": "multiple_choice",
    "question_text": "You said you smoked more than one cigarette since the last assessment, how long ago did you smoke the FIRST cigarette?",
    "response_option": [
      "0 - 2 hrs",
      "2 hrs - 4 hrs",
      "4 hrs - 6 hrs",
      "6 hrs - 8 hrs",
      "8 hrs - 10 hrs",
      "10 hrs - 12 hrs",
      "More than 12 hrs"
    ],
    "condition": [
      "35:~1"
    ]
  },
  {
    "question_id": 39,
    "question_type": "multiple_select",
    "question_text": "Since the last assessment, did you use (check all that apply)",
    "response_option": [
      "Cigars, cigarillos, or little cigars",
      "Chew, snuff, or dip",
      "Vaporizer or e-cigarettes",
      "Hookah or waterpipe",
      "Pipe will with tobacco (not waterpipe)",
      "Other tobacco product",
      "<UNSELECT_OTHER>I did not use other tobacco products"
    ]
  },
  {
    "question_id": 40,
    "question_type": "multiple_choice",
    "question_text": "Since the last assessment, I experienced or thought about a stressful issue or problem.",
    "response_option": [
      "Definitely No",
      "Mostly No",
      "Mostly Yes",
      "Definitely Yes"
    ]
  },
  {
    "question_id": 41,
    "question_type": "multiple_select",
    "question_text": "Since the last assessment, in which of the following areas did you experience a stressful issue or problem? (Check all that apply)",
    "response_option": [
      "Work/School",
      "Family Relationships",
      "Other Relationships",
      "Housing/Where you live",
      "Crime and Legal Matters",
      "Health",
      "Miscellaneous/Other"
    ],
    "condition": [
      "40:~Definitely No"
    ]
  },
  {
    "question_id": 42,
    "question_type": "multiple_choice",
    "question_text": "Since the last assessment, I experienced or thought about a positive experience.",
    "response_option": [
      "Definitely No",
      "Mostly No",
      "Mostly Yes",
      "Definitely Yes"
    ]
  },
  {
    "question_id": 43,
    "question_type": "multiple_select",
    "question_text": "Since the last assessment, in which of the following areas did you have a positive experience? (Check all that apply)",
    "response_option": [
      "Work/School",
      "Family Relationships",
      "Other Relationships",
      "Housing/Where you live",
      "Crime and Legal Matters",
      "Health",
      "Miscellaneous/Other"
    ],
    "condition": [
      "42:~Definitely No"
    ]
  },
  {
    "question_id": 44,
    "question_type": "multiple_choice",
    "question_text": "Since the last assessment, I felt little interest or pleasure while doing things.",
    "response_option": [
      "0 (absolutely no pleasure)",
      "1",
      "2",
      "3",
      "4",
      "5 (extreme pleasure)"
    ]
  },
  {
    "question_id": 45,
    "question_type": "multiple_choice",
    "question_text": "Since the last assessment, someone in my life provided me with help for a worry, problem or difficulty.",
    "response_option": [
      "Strongly Disagree",
      "Disagree",
      "Neutral",
      "Agree",
      "Strongly Agree"
    ]
  },
  {
    "question_id": 46,
    "question_type": "multiple_choice",
    "question_text": "Since the last assessment, have you practiced any of the mindfulness strategies on your own, without looking at your smartphone?",
    "response_option": [
      "Yes",
      "No"
    ]
  },
  {
    "question_id": 47,
    "question_type": "multiple_choice",
    "question_text": "Since the last assessment, how many times have you practiced a mindfulness strategy without using your phone?",
    "response_option": [
      "0",
      "1",
      "2",
      "3",
      "4",
      "5",
      "6",
      "7",
      "8",
      "9",
      "10",
      "11",
      "12",
      "13",
      "14",
      "15",
      "16",
      "17",
      "18",
      "19",
      "20"
    ],
    "condition": [
      "46:Yes"
    ]
  },
  {
    "question_id": 48,
    "question_text": "Thank you for answering this Survey. Please click \"FINISH\"."
  }
]
