[
  {
    "platform": {
      "type": "PHONE"
    },
    "type": "ACCELEROMETER"
  },
  {
    "platform": {
      "type": "PHONE"
    },
    "type": "GYROSCOPE"
  },
  {
    "platform": {
      "type": "AUTOSENSE_CHEST",
      "id": "CHEST"
    },
    "type": "RESPIRATION"
  },
  {
    "platform": {
      "type": "AUTOSENSE_CHEST",
      "id": "CHEST"
    },
    "type": "ECG"
  },
  {
    "platform": {
      "type": "AUTOSENSE_CHEST",
      "id": "CHEST"
    },
    "type": "ACCELEROMETER_X"
  },
  {
    "platform": {
      "type": "MOTION_SENSE"
    },
    "type": "ACCELEROMETER"
  },
  {
    "platform": {
      "type": "MICROSOFT_BAND"
    },
    "type": "ACCELEROMETER"
  },
  {
    "platform": {
      "type": "MICROSOFT_BAND"
    },
    "type": "GYROSCOPE"
  }
]
