[
  {
    "id": "random_experience_sampling",
    "name": "Random Experience Sampling",
    "file_name": "random_experience_sampling.json",
    "package_name": "org.md2k.ema",
    "timeout": 300000
  },
  {
    "id": "event_contingent_recording",
    "name": "Event Contingent Recording",
    "package_name": "org.md2k.ema",
    "file_name": "event_contingent_recording.json",
    "timeout": 300000
  },
  {
    "id": "end_of_day_recording",
    "name": "End of Day Recording",
    "package_name": "org.md2k.ema",
    "file_name": "end_of_day_recording.json",
    "timeout": 300000
  }
]
