{
  "enable": true,
  "run": true,
  "readOnly": false,
  "sensors": [
    {
      "id": "ACTIVITY_TYPE",
      "enable": true,
      "readFrequency": 1,
      "readTimeUnit": "SECONDS",
      "writeType": "AS_RECEIVED"
    },
    {
      "id": "BATTERY",
      "enable": true,
      "writeType": "ON_CHANGE",
      "writeOnChangeType": "NOT_EQUAL"
    },
    {
      "id": "LOCATION",
      "enable": true,
      "readFrequency": 1,
      "readTimeUnit": "SECONDS",
      "writeType": "AS_RECEIVED"
    }
  ]
}
