[
  {
    "platform": {
      "type": "MICROSOFT_BAND"
    },
    "metadata": {
      "FREQUENCY": "31"
    },
    "type": "ACCELEROMETER"
  },
  {
    "platform": {
      "type": "MICROSOFT_BAND"
    },
    "metadata": {
      "FREQUENCY": "31"
    },
    "type": "GYROSCOPE"
  },
  {
    "platform": {
      "type": "MICROSOFT_BAND"
    },
    "type": "RR_INTERVAL"
  },
  {
    "platform": {
      "type": "MICROSOFT_BAND"
    },
    "type": "HEART_RATE"
  },
  {
    "platform": {
      "type": "MICROSOFT_BAND"
    },
    "type": "BAND_CONTACT"
  },
  {
    "platform": {
      "type": "MICROSOFT_BAND"
    },
    "type": "DATA_QUALITY"
  },
  {
    "platform": {
      "type": "MICROSOFT_BAND"
    },
    "type": "CALORY_BURN"
  },
  {
    "platform": {
      "type": "MICROSOFT_BAND"
    },
    "type": "STEP_COUNT"
  },
  {
    "platform": {
      "type": "MICROSOFT_BAND"
    },
    "type": "MOTION_TYPE"
  },
  {
    "platform": {
      "type": "MICROSOFT_BAND"
    },
    "type": "GALVANIC_SKIN_RESPONSE"
  },
  {
    "platform": {
      "type": "MICROSOFT_BAND"
    },
    "type": "SKIN_TEMPERATURE"
  },
  {
    "platform": {
      "type": "MICROSOFT_BAND"
    },
    "type": "AIR_PRESSURE"
  },
  {
    "platform": {
      "type": "MICROSOFT_BAND"
    },
    "type": "AMBIENT_TEMPERATURE"
  },
  {
    "platform": {
      "type": "MICROSOFT_BAND"
    },
    "type": "AMBIENT_LIGHT"
  },
  {
    "platform": {
      "type": "MICROSOFT_BAND"
    },
    "type": "ALTIMETER"
  }
]
