[
  {
    "platform": {
      "type": "MICROSOFT_BAND"
    },
    "metadata": {
      "FREQUENCY": "31 Hz"
    },
    "type": "ACCELEROMETER"
  },
  {
    "platform": {
      "type": "MICROSOFT_BAND"
    },
    "metadata": {
      "FREQUENCY": "31 Hz"
    },
    "type": "GYROSCOPE"
  },
  {
    "platform": {
      "type": "MICROSOFT_BAND"
    },
    "type": "RR_INTERVAL"
  },
  {
    "platform": {
      "type": "MICROSOFT_BAND"
    },
    "type": "HEART_RATE"
  },
 {
    "platform": {
      "type": "MICROSOFT_BAND"
    },
    "type": "BAND_CONTACT"
  },
  {
    "platform": {
      "type": "MICROSOFT_BAND"
    },
    "type": "DATA_QUALITY"
  }
]
