[
  {
    "platform":{
      "type":"PHONE"
    },
    "type":"ACCELEROMETER"
  },
  {
    "platform":{
      "type":"PHONE"
    },
    "type":"GYROSCOPE"
  },
  {
    "platform":{
      "type":"AUTOSENSE_CHEST",
      "id":"CHEST"
    },
    "type":"RESPIRATION"
  },
  {
    "platform":{
      "type":"AUTOSENSE_CHEST",
      "id":"CHEST"
    },
    "type":"ECG"
  },
  {
    "platform":{
      "type":"AUTOSENSE_CHEST",
      "id":"CHEST"
    },
    "type":"ACCELEROMETER_X"
  },
  {
    "platform":{
      "type":"AUTOSENSE_WRIST"
    },
    "type":"ACCELEROMETER_X"
  }
]
