[
  {
    "id": "PHONE_BATTERY_10",
    "type": "PHONE_BATTERY",
    "name": "Phone battery percentage is greater than 10",
    "values": [
      "10"
    ],
    "data_source": {
      "application": {
        "id": "org.md2k.phonesensor"
      },
      "type": "BATTERY"
    }
  },
  {
    "id": "NOT_ACTIVE_1",
    "type": "NOT_ACTIVE",
    "name": "Not physically active in last 1 minute",
    "values": [
      "60000",
      "0"
    ],
    "data_source": {
      "application": {
        "id": "org.md2k.streamprocessor"
      },
      "type": "STRESS_ACTIVITY"
    }
  },
  {
    "id": "NO_SELF_REPORT_10",
    "type": "NO_SELF_REPORT",
    "name": "NO Smoking self report in last 10 minutes",
    "values": [
      "600000",
      "0"
    ],
    "data_source": {
      "application": {
        "id": "org.md2k.selfreport"
      },
      "type": "SMOKING",
      "id": "SELF_REPORT"
    }
  },

  {
    "id": "NOT_ACTIVE_5",
    "type": "NOT_ACTIVE",
    "name": "Not physically active in last 5 minute",
    "values": [
      "300000",
      "0"
    ],
    "data_source": {
      "application": {
        "id": "org.md2k.streamprocessor"
      },
      "type": "STRESS_ACTIVITY"
    }
  },
  {
    "id": "NOT_DRIVING_5",
    "type": "NOT_DRIVING",
    "name": "Not driving in last 5 minutes",
    "values": [
      "300000",
      "80"
    ]
  },
  {
    "id": "DATA_QUALITY_5",
    "type": "DATA_QUALITY",
    "name": "Data quality good in last 5 minutes",
    "values": [
      "300000",
      "50"
    ],
    "data_source": {
      "platform": {
        "type": "AUTOSENSE_CHEST"
      },
      "type": "DATA_VARIANCE",
      "id": "RESPIRATION"
    }
  },
  {
    "id": "DATA_QUALITY_LAST_EMA",
    "type": "DATA_QUALITY",
    "name": "Data quality good from last ema",
    "values": [
      "LAST_EMA",
      "60"
    ],
    "data_source": {
      "platform": {
        "type": "AUTOSENSE_CHEST"
      },
      "type": "DATA_VARIANCE",
      "id": "RESPIRATION"
    }
  },
  {
    "id": "RANDOM_EMA_60",
    "type": "LAST_EMA_EMI",
    "name": "Last Triggered Random EMA 60 minute ago",
    "values": [
      "3600000"
    ],
    "source": {
      "id": "RANDOM_EMA",
      "type": "EMA"
    }
  },
  {
    "id": "RANDOM_EMA_10",
    "type": "LAST_EMA_EMI",
    "name": "Last Triggered Random EMA 10 minute ago",
    "values": [
      "600000"
    ],
    "source": {
      "id": "RANDOM_EMA",
      "type": "EMA"
    }
  },
  {
    "id": "RANDOM_EMA_5",
    "type": "LAST_EMA_EMI",
    "name": "Last Triggered Random EMA 5 minute ago",
    "values": [
      "300000"
    ],
    "source": {
      "id": "RANDOM_EMA",
      "type": "EMA"
    }
  },
  {
    "id": "SMOKING_EMA_5",
    "type": "LAST_EMA_EMI",
    "name": "Last Triggered Smoking EMA 5 minute ago",
    "values": [
      "300000"
    ],
    "source": {
      "id": "SMOKING_EMA",
      "type": "EMA"
    }
  },
  {
    "id": "SMOKING_EMA_10",
    "type": "LAST_EMA_EMI",
    "name": "Last Triggered Smoking EMA 10 minute ago",
    "values": [
      "600000"
    ],
    "source": {
      "id": "SMOKING_EMA",
      "type": "EMA"
    }
  },
  {
    "id": "SMOKING_EMA_30",
    "type": "LAST_EMA_EMI",
    "name": "Last Triggered Smoking EMA 30 minute ago",
    "values": [
      "1800000"
    ],
    "source": {
      "id": "SMOKING_EMA",
      "type": "EMA"
    }
  },
  {
    "id": "STRESS_EMA_10",
    "type": "LAST_EMA_EMI",
    "name": "Last Triggered Stress EMA EMA 10 minute ago",
    "values": [
      "600000"
    ],
    "source": {
      "id": "STRESS_EMA",
      "type": "EMA"
    }
  },
  {
    "id": "STRESS_EMA_5",
    "type": "LAST_EMA_EMI",
    "name": "Last Triggered Stress EMA EMA 10 minute ago",
    "values": [
      "300000"
    ],
    "source": {
      "id": "STRESS_EMA",
      "type": "EMA"
    }
  },
  {
    "id": "STRESS_EMA_30",
    "type": "LAST_EMA_EMI",
    "name": "Last Triggered Stress EMA EMA 30 minute ago",
    "values": [
      "1800000"
    ],
    "source": {
      "id": "STRESS_EMA",
      "type": "EMA"
    }
  },
  {
    "id": "VALID_BLOCK_SMOKING_EMA",
    "type": "VALID_BLOCK",
    "name": "No EMA/EMI triggered in this block",
    "values": [
      "1"
    ],
    "source": {
      "id": "SMOKING_EMA",
      "type": "EMA"
    }
  },
  {
    "id": "VALID_BLOCK_STRESS_EMA",
    "type": "VALID_BLOCK",
    "name": "No EMA/EMI triggered in this block",
    "values": [
      "1"
    ],
    "source": {
      "id": "STRESS_EMA",
      "type": "EMA"
    }
  },
  {
    "id": "VALID_BLOCK_RANDOM_EMA",
    "type": "VALID_BLOCK",
    "name": "No EMA/EMI triggered in this block",
    "values": [
      "1"
    ],
    "source": {
      "id": "RANDOM_EMA",
      "type": "EMA"
    }
  },
  {
    "id": "PRIVACY",
    "type": "PRIVACY",
    "name": "Privacy is active",
    "data_source": {
      "type": "PRIVACY"
    }
  }
]