[

  {
    "question_id": 0,
    "question_text": "In this contact, you will be asked up to four questions. Please check the answers that best describe your oral health behavior."
  },
  {
    "question_id": 1,
    "question_type": "multiple_choice",
    "question_text": "I believe that I can take care of my teeth as described in the ROBAS coaching.",
    "response_option": [
      "Strongly agree",
      "Agree",
      "Neither agree nor disagree",
      "Disagree",
      "Strongly disagree"
    ]
  },
  {
    "question_id": 2,
    "question_type": "multiple_choice",
    "question_text": "The ROBAS training was helpful in clarifying how to use the ROBAS kit.",
    "response_option": [
      "Strongly agree",
      "Agree",
      "Neither agree nor disagree",
      "Disagree",
      "Strongly disagree"
    ]
  },
  {
    "question_id": 3,
    "question_type": "multiple_choice",
    "question_text": "I am satisfied with how easy it is to use the ROBAS kit.",
    "response_option": [
      "Strongly agree",
      "Agree",
      "Neither agree nor disagree",
      "Disagree",
      "Strongly disagree"
    ]
  },
  {
    "question_id": 4,
    "question_type": "multiple_choice",
    "question_text": "I believe it will be easy to take care of my teeth as described in the ROBAS coaching.",
    "response_option": [
      "Strongly agree",
      "Agree",
      "Neither agree nor disagree",
      "Disagree",
      "Strongly disagree"
    ]
  },
  {
    "question_id": 5,
    "question_text": "Thank you for answering this Survey. Please click \"FINISH\"."
  }
]
