[

  {
    "question_id": 0,
    "question_text": "In this contact, you will be asked up to three questions. Please check the answers that best describe your oral health behavior."
  },
  {
    "question_id": 1,
    "question_type": "multiple_choice",
    "question_text": "How much pressure did you use when you most recently brushed your teeth?",
    "response_option": [
      "Light pressure",
      "Moderate pressure",
      "Heavy pressure"
    ]
  },
  {
    "question_id": 2,
    "question_type": "multiple_choice",
    "question_text": "Did you floss your teeth yesterday?",
    "response_option": [
      "Yes",
      "No"
    ]
  },
  {
    "question_id": 3,
    "question_type": "hour_minute_ampm",
    "question_text": "At approximately what time did you most recently floss your teeth yesterday?",
    "condition": [
      "2:Yes"
    ]
  },
  {
    "question_id": 4,
    "question_text": "Thank you for answering this Survey. Please click \"FINISH\"."
  }
]
