[
  {
    "question_id": 0,
    "question_text": "Expect four contacts this week, on Monday, Wednesday, Friday, and Sunday."
  },
  {
    "question_id": 1,
    "question_text": "In this contact, you will be asked up to four questions. Please check the answers that best describe your oral health behavior."
  },
  {
    "question_id": 2,
    "question_type": "multiple_choice",
    "question_text": "Did you brush your teeth yesterday?",
    "response_option": [
      "Yes",
      "No"
    ]
  },
  {
    "question_id": 3,
    "question_type": "multiple_choice",
    "question_text": "How many times did you brush your teeth yesterday?",
    "response_option": [
      "Once",
      "Twice",
      "Three times",
      "More than three times"
    ],
    "condition": [
      "2:Yes"
    ]
  },
  {
    "question_id": 4,
    "question_type": "hour_minute_ampm",
    "question_text": "At approximately what time did you first brush your teeth yesterday?",
    "condition": [
      "2:Yes"
    ]
  },
  {
    "question_id": 5,
    "question_type": "minute_second",
    "question_text": "For how long, in minutes and seconds, did you first brush your teeth yesterday?",
    "condition": [
      "2:Yes"
    ]
  },
  {
    "question_id": 6,
    "question_text": "Thank you for answering this Survey. Please click \"FINISH\"."
  }
]
