[
  {
    "platform":{
      "type":"PHONE"
    },
    "metadata":{
      "FREQUENCY":"1.0 Hz"
    },
    "type":"BATTERY"
  },
  {
    "platform":{
      "type":"PHONE"
    },
    "metadata":{
      "FREQUENCY":"SENSOR_DELAY_UI"
    },
    "type":"LOCATION"
  },
  {
    "platform":{
      "type":"PHONE"
    },
    "metadata":{
      "FREQUENCY":"SENSOR_DELAY_UI"
    },
    "type":"ACCELEROMETER"
  },
  {
    "platform":{
      "type":"PHONE"
    },
    "metadata":{
      "FREQUENCY":"SENSOR_DELAY_UI"
    },
    "type":"GYROSCOPE"
  },
  {
    "platform":{
      "type":"PHONE"
    },
    "metadata":{
      "FREQUENCY":"1.0 Hz"
    },
    "type":"CPU"
  },
  {
    "platform":{
      "type":"PHONE"
    },
    "metadata":{
      "FREQUENCY":"1.0 Hz"
    },
    "type":"MEMORY"
  }
]
