{
  "notification_option": [
    {
      "id": "PHONE_VIBRATE",
      "name": "Phone Vibration",
      "type": "VIBRATION",
      "datasource": {
        "platform": {
          "type": "PHONE"
        }
      },
      "format": "THREE_TONE",
      "repeat": 180,
      "duration": 10800000
    },
    {
      "id": "PHONE_TONE",
      "name": "Phone Tone",
      "type": "TONE",
      "priority": 0,
      "datasource": {
        "platform": {
          "type": "PHONE"
        }
      },
      "format": "THREE_TONE_HIGH",
      "repeat": 180,
      "duration": 10800000
    },
    {
      "id": "PHONE_SCREEN",
      "name": "Phone Screen",
      "type": "SCREEN",
      "priority": 0,
      "repeat": 1,
      "duration": 10000,
      "datasource": {
        "platform": {
          "type": "PHONE"
        }
      }
    },
    {
      "id": "PHONE_MESSAGE_REMINDER",
      "name": "Reminder",
      "type": "MESSAGE",
      "priority": 0,
      "datasource": {
        "platform": {
          "type": "PHONE"
        }
      },
      "repeat": 1,
      "duration": 3600000000,
      "message": [
        "CHF Protocol",
        "Please Complete the protocol",
        "Start"
      ],
      "response_option": {
        "ok": true,
        "cancel": false,
        "delay": false
      }
    }
  ]
}