[
  {
    "platform": {
      "type": "AUTOSENSE_CHEST",
      "id": "CHEST"
    },
    "type": "RESPIRATION"
  },
  {
    "platform": {
      "type": "AUTOSENSE_CHEST",
      "id": "CHEST"
    },
    "type": "ECG"
  },
  {
    "platform": {
      "type": "AUTOSENSE_CHEST",
      "id": "CHEST"
    },
    "type": "ACCELEROMETER_X"
  },
  {
    "platform": {
      "type": "AUTOSENSE_CHEST",
      "id": "CHEST"
    },
    "type": "ACCELEROMETER_Y"
  },
  {
    "platform": {
      "type": "AUTOSENSE_CHEST",
      "id": "CHEST"
    },
    "type": "ACCELEROMETER_Z"
  },
  {
    "platform": {
      "type": "AUTOSENSE_CHEST",
      "id": "CHEST"
    },
    "type": "GALVANIC_SKIN_RESPONSE"
  },
  {
    "platform": {
      "type": "AUTOSENSE_CHEST",
      "id": "CHEST"
    },
    "type": "BATTERY"
  },
  {
    "platform": {
      "type": "AUTOSENSE_CHEST",
      "id": "CHEST"
    },
    "type": "SKIN_TEMPERATURE"
  },
  {
    "platform": {
      "type": "AUTOSENSE_CHEST",
      "id": "CHEST"
    },
    "type": "AMBIENT_TEMPERATURE"
  }
]
